race,type
Angeles Crest,ultrasignup
Arches,ultrasignup
Barkley,custom
Behind the Rocks,ultrasignup
Big Alta,ultrasignup
Big's Backyard,ultrasignup
Bigfoot 200,ultrasignup
Black Canyon 100K,ultrasignup
Black Canyon 60K,ultrasignup
Broken Arrow Skyrace,ultrasignup
Canyons by UTMB 100K,itra
Canyons by UTMB 50K,itra
Captain Mountain,ultrasignup
Chianti Castles by UTMB (Italy),itra
Chuckanut,pacific
Cocodona,ultrasignup
Comrades (South Africa),custom
Courmayeur-Champex-Chamonix (CCC) (Italy),itra
Crown King Scramble,ultrasignup
Dead Horse,ultrasignup
Desert Solstice,ultrasignup
Eiger (Switzerland),itra
Grand Raid Reunion (France),itra
HURT,ultrasignup
Hardrock,ultrasignup
IAU World Championships (Men),custom
IAU World Championships (Women),custom
JFK,runsignup
Jackpot,ultrasignup
Javelina Jundred,ultrasignup
Julian Alps 50K (Switzerland),itra
KAT100 50K (Austria),itra
Leadville Silver Rush,ultrarunning
Leadville,ultrarunning
Lululemon Further,custom
Madeira Island Ultra Trail 115K (Portugal),itra
Madeira Island Ultra Trail 85K (Portugal),itra
Moab 240,ultrasignup
Moab Red Hot,ultrasignup
Mt Fuji 100 (Japan),itra
Nice Cote D'Azur by UTMB (France),itra
Orsieres-Champex-Chamonis (OCC) (Switzerland),itra
Quad Rock,ultrasignup
Red Mountain,ultrasignup
Run Rabbit Run,ultrasignup
Rut Mountain Runs,runsignup
Saguaro Backyard,ultrasignup
SainteLyon (France),itra
Salmon Falls,ultrasignup
Silver State 50K,ultrasignup
Six Days in the Dome,ultrasignup
Sky Pilot's Backyard,ultrasignup
Snowdrop Ultra,custom
Speedgoat,itra
Suffer on Centennial (Canada),ultrasignup
Swiss Canyon Trail 111km (Switzerland),itra
SwissAlps 50K,itra
SwissPeaks 70K (Switzerland),itra
Tahoe 200,ultrasignup
Tillamook Burn,ultrasignup
Trail Andorra 105K (Andorra),itra
Transgrancanaria (Spain),itra
Transvulcania (Spain),itra
Tunnel Hill,ultrasignup
UTMB (France),itra
Western States,ultrasignup